{
 "ProjectInfo": {
  "Project": {
   "Name": "winter-game-jam_WwiseProject",
   "GUID": "{DC81A249-B90E-4863-844A-9D3029D8433C}",
   "Generator": "2024.1.0.8669"
  },
  "CacheRoot": "../../../../winter-game-jam_WwiseProject/.cache",
  "Platforms": [
   {
    "Name": "Windows",
    "GUID": "{C69D8D64-4ED5-4ECC-A285-D4D4785F7CDB}",
    "BasePlatform": "Windows",
    "BasePlatformGUID": "{6E0CB257-C6C8-4C5C-8366-2740DFC441EB}",
    "Path": "../../../../winter-game-jam_WwiseProject/GeneratedSoundBanks/Windows"
   }
  ],
  "Languages": [
   {
    "Name": "English(US)",
    "Id": "684519430",
    "GUID": "{5CE8F908-AF28-4478-B524-5B00BAD045C2}",
    "Default": "true",
    "UseAsStandIn": "true"
   }
  ],
  "FileHash": "{99F1B212-C76F-A5AE-1D0C-182137F3AF8D}"
 }
}